"","AREA TERRITORIAL","CODIGO CENTRO","TIPO DE CENTRO","CENTRO","DOMICILIO","MUNICIPIO","DISTRITO MUNICIPAL","COD. POSTAL","TELEFONO","FAX","TITULARIDAD","NA","NA","ADDRESS","lon","lat","geoAddress"
"2","Madrid-Norte","28041354","IES","AGORA","Calle Manuel De Falla, 54-56 ","Alcobendas","-","28100","916515700","916548684","Público",NA,NA,"Calle Manuel De Falla, 54-56  Alcobendas",-3.6410655,40.5528691,"calle de manuel de falla, 54, 28100 alcobendas, madrid, spain"
"3","Madrid-Este","28042590","IES","ALBÉNIZ","Calle Gardenia, S/n ","Alcalá de Henares","-","28803","918816812","918819840","Público",NA,NA,"Calle Gardenia, S/n  Alcalá de Henares",-3.3728058,40.4745082,"calle gardenia, 28803 alcalá de henares, madrid, spain"
"4","Madrid-Norte","28040660","IES","ALDEBARAN","Avenida De Valdelaparra, 90 ","Alcobendas","-","28108","916618085","916618238","Público",NA,NA,"Avenida De Valdelaparra, 90  Alcobendas",-3.661164,40.543375,"av. de valdelaparra, 90, 28100 alcobendas, madrid, spain"
"5","Madrid-Este","28035305","IES","ALONSO QUIJANO","Paseo De Las Moreras, 1 ","Alcalá de Henares","-","28803","918821411","918817229","Público",NA,NA,"Paseo De Las Moreras, 1  Alcalá de Henares",-3.3657896,40.4758092,"calle de ntra. sra. de la esperanza, 1, 28803 alcalá de henares, madrid, spain"
"6","Madrid-Norte","28036991","IES","ANGEL CORELLA","Calle Del Pradillo, 3 ","Colmenar Viejo","-","28770","918455650","918463022","Público",NA,NA,"Calle Del Pradillo, 3  Colmenar Viejo",-3.7521982,40.6569242,"calle del pradillo, 3, 28770 colmenar viejo, madrid, spain"
"7","Madrid-Sur","28042085","IES","ANTONIO GALA","Calle Hermanos Grimm, 3 ","Móstoles","-","28935","916145263","916184304","Público",NA,NA,"Calle Hermanos Grimm, 3  Móstoles",-3.8832102,40.3221797,"calle hermanos grimm, 3, 28935 móstoles, madrid, spain"
"8","Madrid-Este","28041391","IES","ANTONIO GAUDI","Calle Del Júcar, 1 ","Coslada","-","28823","916733314","916733427","Público",NA,NA,"Calle Del Júcar, 1  Coslada",-3.5387388,40.4236434,"calle del júcar, 1, 28823 coslada, madrid, spain"
"9","Madrid-Oeste","28058640","IES","ARQUITECTO VENTURA RODRIGUEZ","Calle De Severo Ochoa, 4 ","Boadilla del Monte","-","28660","916336271","916339594","Público",NA,NA,"Calle De Severo Ochoa, 4  Boadilla del Monte",-3.8917553,40.411422,"calle severo ochoa, 4, 28660 boadilla del monte, madrid, spain"
"10","Madrid-Norte","28058639","IES","ATENEA","Plaza Santiago De Chuco, 1 ","San Sebastián de los Reyes","-","28702","916590934","91-6513469","Público",NA,NA,"Plaza Santiago De Chuco, 1  San Sebastián de los Reyes",-3.6265445,40.5588398,"plaza de santiago de chuco, 1, 28702 san sebastián de los reyes, madrid, spain"
"11","Madrid-Capital","28020201","IES","BARRIO SIMANCAS","Calle De Zaratán, 6 ","Madrid","San Blas-Canillejas","28037","913041570","917545083","Público",NA,NA,"Calle De Zaratán, 6  Madrid",-3.6253884,40.429275,"calle zaratán, 6, 28037 madrid, spain"
"12","Madrid-Sur","28067628","IES","CALDERON DE LA BARCA","Calle Francisco Bores, 3 ","Pinto","-","28320","916706645","916706938","Público",NA,NA,"Calle Francisco Bores, 3  Pinto",-3.6962622,40.2560805,"calle francisco bores, 3, 28320 pinto, madrid, spain"
"13","Madrid-Oeste","28044306","IES","CARMEN CONDE","Avenida De Atenas, 45bis ","Rozas de Madrid, Las","-","28232","916319487","916317252","Público",NA,NA,"Avenida De Atenas, 45bis  Rozas de Madrid, Las",-3.9148701,40.5265075,"av. de atenas, 45 bis, 28232 las rozas, madrid, spain"
"14","Madrid-Oeste","28022207","IES","CARMEN MARTÍN GAITE","Avenida Del Marqués De Santillana, 14 ","Moralzarzal","-","28411","918578517","918578929","Público",NA,NA,"Avenida Del Marqués De Santillana, 14  Moralzarzal",-3.974248,40.6742336,"calle marqués de santillana, 14, 28411 moralzarzal, madrid, spain"
"15","Madrid-Sur","28038884","IES","CLARA CAMPOAMOR","Avenida De Alcorcón, 1 ","Móstoles","-","28936","916462125","916470309","Público",NA,NA,"Avenida De Alcorcón, 1  Móstoles",-3.8534846,40.3303111,"av. de alcorcón, 1, 28936 móstoles, madrid, spain"
"16","Madrid-Capital","28030186","IES","DAMASO ALONSO","Calle De Alfredo Marquerie, 21 ","Madrid","Fuencarral-El Pardo","28034","917388675","917390683","Público",NA,NA,"Calle De Alfredo Marquerie, 21  Madrid",-3.700766,40.487208,"calle alfredo marquerie, 21, 28034 madrid, spain"
"17","Madrid-Oeste","28040714","IES","DE GUADARRAMA","Carretera Del Escorial, S/n ","Guadarrama","-","28440","918542212","918547122","Público",NA,NA,"Carretera Del Escorial, S/n  Guadarrama",-4.0861388,40.5784161,"m-505, madrid, spain"
"18","Madrid-Este","28044744","IES","DOCTOR MARAÑON","Calle Alejo Carpentier, 1 ","Alcalá de Henares","-","28806","918788137","918826047","Público",NA,NA,"Calle Alejo Carpentier, 1  Alcalá de Henares",-3.3767973,40.4936689,"calle alejo carpentier, 1, 28806 alcalá de henares, madrid, spain"
"19","Madrid-Este","28044756","IES","DUQUE DE RIVAS","Paseo De La Chopera, 64 ","Rivas-Vaciamadrid","-","28523","916665259","916668388","Público",NA,NA,"Paseo De La Chopera, 64  Rivas-Vaciamadrid",-3.5338768,40.3676387,"paseo de la chopera, 64, 28523 rivas-vaciamadrid, madrid, spain"
"20","Madrid-Este","28001769","IES","EL CARRASCAL","Avenida Del Instituto, S/n ","Arganda del Rey","-","28500","918760082","918701851","Público",NA,NA,"Avenida Del Instituto, S/n  Arganda del Rey",-3.4420946,40.2944703,"av. del instituto, 28500 arganda del rey, madrid, spain"
"21","Madrid-Capital","28013899","IES","EL ESPINILLO ","Calle De La Unanimidad, 15 ","Madrid","Villaverde","28041","917239150","917239151","Público",NA,NA,"Calle De La Unanimidad, 15  Madrid",-3.6881238,40.3616082,"calle de la unanimidad, 15, 28041 madrid, spain"
"22","Madrid-Sur","28044720","IES","EL OLIVO","Calle Felipe Ii, 11 ","Parla","-","28982","916055311","916055310","Público",NA,NA,"Calle Felipe Ii, 11  Parla",-3.7616095,40.2366053,"calle de felipe ii, 11, 28982 parla, madrid, spain"
"23","Madrid-Sur","28078547","IES","ELISA SORIANO FISCHER","Avenida Avda. De Méjico, 1 ","Getafe","-","28907","639112417","-","Público",NA,NA,"Avenida Avda. De Méjico, 1  Getafe",-3.74312,40.32039,"av. de mexico, 1, 28907 getafe, madrid, spain"
"24","Madrid-Capital","28020958","IES","EMPERATRIZ MARIA DE AUSTRIA","Calle De Antonio De Leyva, 84 ","Madrid","Carabanchel","28019","914692425","915650794","Público",NA,NA,"Calle De Antonio De Leyva, 84  Madrid",-3.7174109,40.3875277,"calle de antonio de leyva, 84, 28019 madrid, spain"
"25","Madrid-Sur","28042668","IES","EUROPA","Avenida De Alcorcón, 9 ","Móstoles","-","28936","916468267","916467283","Público",NA,NA,"Avenida De Alcorcón, 9  Móstoles",-3.8504195,40.3274891,"av. de alcorcón, 9, 28936 móstoles, madrid, spain"
"26","Madrid-Norte","28000753","IES","FRANCISCO GINER DE LOS RIOS","Carretera De Barajas, 1,2 ","Alcobendas","-","28108","916525466","916511164","Público",NA,NA,"Carretera De Barajas, 1,2  Alcobendas",-3.62588,40.53981,"carretera de barajas, 1, 28108 alcobendas, madrid, spain"
"27","Madrid-Sur","28062035","IES","FRANCISCO UMBRAL","Avenida De La Hispanidad, S/n ","Ciempozuelos","-","28350","918092810","918092927","Público",NA,NA,"Avenida De La Hispanidad, S/n  Ciempozuelos",-3.6272433,40.1630135,"av. de la hispanidad, 28350 ciempozuelos, madrid, spain"
"28","Madrid-Sur","28042036","IES","GABRIEL GARCIA MARQUEZ","Calle Beatriz Galindo, 6 ","Leganés","-","28914","914811290","916800590","Público",NA,NA,"Calle Beatriz Galindo, 6  Leganés",-3.7521584,40.3275094,"calle beatriz galindo, 6, 28914 leganés, madrid, spain"
"29","Madrid-Norte","28028611","IES","GONZALO TORRENTE BALLESTER","Avenida De Aragón, 12 ","San Sebastián de los Reyes","-","28702","916526533","916522071","Público",NA,NA,"Avenida De Aragón, 12  San Sebastián de los Reyes",-3.6301124,40.5597723,"av. de aragón, 12, 28702 san sebastián de los reyes, madrid, spain"
"30","Madrid-Capital","28020119","IES","GREGORIO MARAÑON","Avenida De El Ferrol, 43 ","Madrid","Fuencarral-El Pardo","28029","917310421","917380949","Público",NA,NA,"Avenida De El Ferrol, 43  Madrid",-3.7100893,40.4743129,"av. el ferrol, 43, 28029 madrid, spain"
"31","Madrid-Norte","28040672","IES","GUSTAVO ADOLFO BECQUER","Avenida De Europa, S/n ","Algete","-","28110","916291601","916281489","Público",NA,NA,"Avenida De Europa, S/n  Algete",-3.510514,40.6003012,"avenida de europa, s/n, algete, madrid, spain"
"32","Madrid-Sur","28030216","IES","HUMANEJOS","Avenida Juan Carlos I, 19 ","Parla","-","28981","916982906","916982860","Público",NA,NA,"Avenida Juan Carlos I, 19  Parla",-3.769861,40.2297314,"av. juan carlos i, 19, 28981 parla, madrid, spain"
"33","Madrid-Este","28038835","IES","ISIDRA DE GUZMÁN","Calle Gardenia, 29 ","Alcalá de Henares","-","28803","918808462","918887926","Público",NA,NA,"Calle Gardenia, 29  Alcalá de Henares",-3.3718519,40.4735723,"calle gardenia, 29, 28803 alcalá de henares, madrid, spain"
"34","Madrid-Capital","28040741","IES","ITURRALDE","Calle De Nuestra Señora De La Luz, 53 ","Madrid","Latina","28047","914626822","914627744","Público",NA,NA,"Calle De Nuestra Señora De La Luz, 53  Madrid",-3.751722,40.3859848,"calle de ntra. sra. de la luz, 53, 28047 madrid, spain"
"35","Madrid-Oeste","28002415","IES","JAIME FERRAN","Calle Matalpino, 22 ","Collado Villalba","-","28400","918501571","918508523","Público",NA,NA,"Calle Matalpino, 22  Collado Villalba",-4.0023999,40.6381408,"calle matalpino, 22, 28400 collado villalba, madrid, spain"
"36","Madrid-Este","28038616","IES","JAIME FERRÁN CLÚA","Avenida Jean Paul Sartre, S/n ","San Fernando de Henares","-","28830","916723539","916698517","Público",NA,NA,"Avenida Jean Paul Sartre, S/n  San Fernando de Henares",-3.5212891,40.414858,"calle jean-paul sartre, 28830 san fernando de henares, madrid, spain"
"37","Madrid-Sur","28042048","IES","JOAQUIN ARAUJO","Calle De La Fuente, 36 ","Fuenlabrada","-","28944","916000315","917031884","Público",NA,NA,"Calle De La Fuente, 36  Fuenlabrada",-3.7882338,40.2780627,"calle de la fuente, 36, 28944 fuenlabrada, madrid, spain"
"38","Madrid-Sur","28074037","IES","JORGE GUILLEN","Calle Olimpico Fernandez Ochoa, S/n ","Alcorcón","-","28923","916415711","916442924","Público",NA,NA,"Calle Olimpico Fernandez Ochoa, S/n  Alcorcón",-3.8164327,40.3410968,"calle olímpico francisco fernández ochoa, 28923 alcorcón, madrid, spain"
"39","Madrid-Sur","28003882","IES","JOSE DE CHURRIGUERA","Calle Constitución De Cádiz, 1 ","Leganés","-","28914","916946011","916938962","Público",NA,NA,"Calle Constitución De Cádiz, 1  Leganés",-3.7622716,40.3232326,"calle constitución de cádiz, 1, 28914 leganés, madrid, spain"
"40","Madrid-Sur","28040696","IES","JOSÉ HIERRO","Avenida De Juan Carlos I, 9 ","Getafe","-","28905","916821213","916810373","Público",NA,NA,"Avenida De Juan Carlos I, 9  Getafe",-3.7519266,40.2907103,"av. juan carlos i, 9, 28905 getafe, madrid, spain"
"41","Madrid-Norte","28035317","IES","JOSE LUIS SAMPEDRO","Avenida De La Vega, S/n ","Tres Cantos","-","28760","918031142","918034126","Público",NA,NA,"Avenida De La Vega, S/n  Tres Cantos",-3.7095592,40.6078657,"av. de la vega, 28760 tres cantos, madrid, spain"
"42","Madrid-Sur","28039700","IES","JOSEFINA ALDECOA","Calle De Sahagún, S/n ","Alcorcón","-","28925","916125261","916125361","Público",NA,NA,"Calle De Sahagún, S/n  Alcorcón",-3.8179171,40.3563415,"calle sahagún, alcorcón, madrid, spain"
"43","Madrid-Sur","28039797","IES","JULIO CARO BAROJA","Calle De La Habana, 2 ","Fuenlabrada","-","28945","916060313","916159910","Público",NA,NA,"Calle De La Habana, 2  Fuenlabrada",-3.7866316,40.2875229,"calle de la habana, 2, 28945 fuenlabrada, madrid, spain"
"44","Madrid-Sur","28041482","IES","LA LAGUNA","Camino Del Salmoral, S/n ","Parla","-","28981","916051520","916051862","Público",NA,NA,"Camino Del Salmoral, S/n  Parla",-5.2194903,40.8011249,"37314 salmoral, salamanca, spain"
"45","Madrid-Sur","28072107","IES","LA SENDA","Senda De Mafalda, 2 ","Getafe","-","28905","916810212","916823884","Público",NA,NA,"Senda De Mafalda, 2  Getafe",-3.74722,40.29514,"senda de mafalda, 2, 28905 getafe, madrid, spain"
"46","Madrid-Oeste","28028571","IES","LAS ROZAS I","Calle Real, 52 ","Rozas de Madrid, Las","-","28231","916374006","916374323","Público",NA,NA,"Calle Real, 52  Rozas de Madrid, Las",-3.8685597,40.4899583,"calle real, 52, 28231 las rozas, madrid, spain"
"47","Madrid-Este","28030228","IES","LEON FELIPE","Calle San Fernando, S/n ","Torrejón de Ardoz","-","28850","916768112","916765566","Público",NA,NA,"Calle San Fernando, S/n  Torrejón de Ardoz",-3.4887685,40.4614336,"calle de san fernando, torrejón de ardoz, madrid, spain"
"48","Madrid-Sur","28026092","IES","LOS CASTILLOS","Avenida De Los Castillos, 5 ","Alcorcón","-","28925","916121063","916119451","Público",NA,NA,"Avenida De Los Castillos, 5  Alcorcón",-3.80918,40.356824,"av. los castillos, 5, alcorcón, madrid, spain"
"49","Madrid-Norte","28064044","IES","LUIS GARCIA BERLANGA","Camino De Chozas, S/n ","Guadalix de la Sierra","-","28794","918470636","918470520","Público",NA,NA,"Camino De Chozas, S/n  Guadalix de la Sierra",-3.701946,40.7802763,"camino de chozas, 28794 guadalix de la sierra, madrid, spain"
"50","Madrid-Sur","28003900","IES","MARIA ZAMBRANO","Calle Alpujarras, 52 ","Leganés","-","28915","916880222","916804235","Público",NA,NA,"Calle Alpujarras, 52  Leganés",-3.7472561,40.3305007,"calle de las alpujarras, 52, 28915 leganés, madrid, spain"
"51","Madrid-Sur","28074669","IES","MENENDEZ PELAYO","Avenida De Las Ciudades, S/n ","Getafe","-","28903","916821511","916817291","Público",NA,NA,"Avenida De Las Ciudades, S/n  Getafe",-3.7216926,40.3172239,"av. de las ciudades, getafe, madrid, spain"
"52","Madrid-Este","28002580","IES","MIGUEL CATALAN","Avenida De José Gárate, S/n ","Coslada","-","28823","916727142","916727111","Público",NA,NA,"Avenida De José Gárate, S/n  Coslada",-3.5462832,40.4296435,"av. de josé gárate, 28823 coslada, madrid, spain"
"53","Madrid-Este","28041445","IES","MIGUEL DELIBES","Avenida De Juan Gris, 44 ","Mejorada del Campo","-","28840","916680143","916681443","Público",NA,NA,"Avenida De Juan Gris, 44  Mejorada del Campo",-3.4845158,40.390664,"av. juan gris, 44, 28840 mejorada del campo, madrid, spain"
"54","Madrid-Sur","28042097","IES","MIGUEL HERNÁNDEZ","Avenida De Carlos V, 1 ","Móstoles","-","28936","916468193","916466051","Público",NA,NA,"Avenida De Carlos V, 1  Móstoles",-3.8500077,40.323981,"av. carlos v, 1, 28936 móstoles, madrid, spain"
"55","Madrid-Sur","28038446","IES","NARCIS MONTURIOL","Calle Leganés, 38 ","Parla","-","28981","916982811","916981510","Público",NA,NA,"Calle Leganés, 38  Parla",-3.7761461,40.2435087,"calle leganés, 38, 28981 parla, madrid, spain"
"56","Madrid-Sur","28074062","IES","NEIL ARMSTRONG","Ronda San Sebastian, 10 ","Valdemoro","-","28341","639314247","918019537","Público",NA,NA,"Ronda San Sebastian, 10  Valdemoro",-5.1612251,36.746209,"29400 ronda, málaga, spain"
"57","Madrid-Sur","28070974","IES","NICOLAS COPERNICO","Avenida Del Sistema Solar, 8 ","Parla","-","28983","918295357","918295364","Público",NA,NA,"Avenida Del Sistema Solar, 8  Parla",-3.7619038,40.2282369,"av. del sistema solar, 8, 28983 parla, madrid, spain"
"58","Madrid-Capital","28058603","IES","NUMANCIA","Calle De Las Marismas, 14 ","Madrid","Puente de Vallecas","28038","915015001","915014989","Público",NA,NA,"Calle De Las Marismas, 14  Madrid",-3.6544713,40.4022085,"calle de las marismas, 14, 28038 madrid, spain"
"59","Madrid-Capital","28018381","IES","ORTEGA Y GASSET","Calle Santa Fe, 4 ","Madrid","Moncloa-Aravaca","28008","915476635","915413941","Público",NA,NA,"Calle Santa Fe, 4  Madrid",-3.7357291,40.4316436,"calle sta. fe, 4, 28008 madrid, spain"
"60","Madrid-Capital","28074244","IES","PEDRO SALINAS","Calle Del General Marvá, 24-26 ","Madrid","Usera","28026","915699236","915699235","Público",NA,NA,"Calle Del General Marvá, 24-26  Madrid",-3.7087795,40.388762,"calle gral. marva, 24, 28026 madrid, spain"
"61","Madrid-Norte","28042103","IES","PINTOR ANTONIO LOPEZ","Calle Del Orégano, 1 ","Tres Cantos","-","28760","918039102","918030328","Público",NA,NA,"Calle Del Orégano, 1  Tres Cantos",-3.7024583,40.6024173,"calle del orégano, 1, 28760 tres cantos, madrid, spain"
"62","Madrid-Sur","28030241","IES","PRADO DE SANTO DOMINGO","Avenida Esteban Marquez, 3 ","Alcorcón","-","28922","916439100","916432363","Público",NA,NA,"Avenida Esteban Marquez, 3  Alcorcón",-3.8405003,40.3402665,"av. de esteban márquez, 3, 28922 alcorcón, madrid, spain"
"63","Madrid-Este","28050732","IES","PROFESOR JULIO PEREZ","Avenida De Levante, 141 ","Rivas-Vaciamadrid","-","28521","916704112","916704113","Público",NA,NA,"Avenida De Levante, 141  Rivas-Vaciamadrid",-3.51411,40.33227,"av. de levante, 141, 28521 rivas-vaciamadrid, madrid, spain"
"64","Madrid-Capital","28030150","IES","RAMON Y CAJAL","Avenida De Manoteras, 55 ","Madrid","Hortaleza","28050","917660911","917665080","Público",NA,NA,"Avenida De Manoteras, 55  Madrid",-3.6600662,40.4876393,"av. de manoteras, 55, 28050 madrid, spain"
"65","Madrid-Capital","28020624","IES","REY PASTOR","Calle Del Corregidor José De Pasamonte, 17 ","Madrid","Moratalaz","28030","914392661","914371764","Público",NA,NA,"Calle Del Corregidor José De Pasamonte, 17  Madrid",-3.6480721,40.4106658,"calle del corregidor josé de pasamonte, 17, 28030 madrid, spain"
"66","Madrid-Norte","28042981","IES","ROSA CHACEL","Calle De Las Huertas, 68 ","Colmenar Viejo","-","28770","918464801","918463646","Público",NA,NA,"Calle De Las Huertas, 68  Colmenar Viejo",-3.7652147,40.6556449,"calle de las huertas, 68, 28770 colmenar viejo, madrid, spain"
"67","Madrid-Sur","28039803","IES","SALVADOR ALLENDE","Calle De Andalucía, 12 ","Fuenlabrada","-","28941","916977213","916098879","Público",NA,NA,"Calle De Andalucía, 12  Fuenlabrada",-3.7973737,40.2893557,"calle de andalucía, 12, 28941 fuenlabrada, madrid, spain"
"68","Madrid-Sur","28038291","IES","SALVADOR DALI","Calle Austria, 7 ","Leganés","-","28916","916862999","916802709","Público",NA,NA,"Calle Austria, 7  Leganés",-3.7427004,40.3370686,"calle de austria, 7, 28916 leganés, madrid, spain"
"69","Madrid-Capital","28034441","IES","SAN ISIDORO DE SEVILLA","Plaza Del Marqués De Comillas, 1 ","Madrid","Chamberí","28040","915330607","915330337","Público",NA,NA,"Plaza Del Marqués De Comillas, 1  Madrid",-3.7195125,40.4453866,"plaza marqués de comillas, 28040 madrid, spain"
"70","Madrid-Sur","28062011","IES","SANTIAGO RUSIÑOL","Calle Alhambra De Granada ","Aranjuez","-","28300","918090245","918754642","Público",NA,NA,"Calle Alhambra De Granada  Aranjuez",-3.584331,40.0328849,"calle alhambra de granada, 28300 aranjuez, madrid, spain"
"71","Madrid-Oeste","28050562","IES","SAPERE AUDE","Avenida De Los Estudiantes, 4 ","Villanueva del Pardillo","-","28229","918151519","918151764","Público",NA,NA,"Avenida De Los Estudiantes, 4  Villanueva del Pardillo",-3.9723585,40.4822207,"av. de los estudiantes, 4, 28229 villanueva del pardillo, madrid, spain"
"72","Madrid-Sur","28041615","IES","SATAFI","Avenida De Las Ciudades, 104 ","Getafe","-","28903","916830601","916817173","Público",NA,NA,"Avenida De Las Ciudades, 104  Getafe",-3.7128114,40.3123691,"av. de las ciudades, 104, 28903 getafe, madrid, spain"
"73","Madrid-Este","28042681","IES","VALLE INCLAN","Calle Juncal, 14 ","Torrejón de Ardoz","-","28850","916773057","916774289","Público",NA,NA,"Calle Juncal, 14  Torrejón de Ardoz",-3.4583598,40.4627652,"calle juncal, 14, 28850 torrejón de ardoz, madrid, spain"
"74","Madrid-Sur","28042991","IES","VICTORIA KENT","Camino Polvoranca, S/n ","Fuenlabrada","-","28942","916084625","916490013","Público",NA,NA,"Camino Polvoranca, S/n  Fuenlabrada",-3.7793106,40.3258248,"calle cmo de polvoranca, 28914, madrid, spain"
"75","Madrid-Capital","28063799","CP INF-PRI-SEC","ADOLFO SUAREZ","Calle De La Infanta Catalina Micaela, 31 ","Madrid","Hortaleza","28050","917502058","917189274","Público",NA,NA,"Calle De La Infanta Catalina Micaela, 31  Madrid",-3.652977,40.4890146,"calle de la infanta catalina micaela, 31, 28050 madrid, spain"
"76","Madrid-Este","28070721","CP INF-PRI-SEC","BEETHOVEN","Calle Montserrat Roig, 8 ","Torrejón de Ardoz","-","28850","914885016","914886550","Público",NA,NA,"Calle Montserrat Roig, 8  Torrejón de Ardoz",-3.4399384,40.4564645,"calle montserrat roig, 8, 28850 torrejón de ardoz, madrid, spain"
"77","Madrid-Oeste","28060348","CP INF-PRI-SEC","EL CANTIZAL","Avenida De Atenas, S/n ","Rozas de Madrid, Las","-","28232","916030099","916317527","Público",NA,NA,"Avenida De Atenas, S/n  Rozas de Madrid, Las",-3.9088145,40.5314832,"av. de atenas, las rozas, madrid, spain"
"78","Madrid-Oeste","28057076","CP INF-PRI-SEC","EL ENCINAR","Calle Ribadesella, S/n ","Torrelodones","-","28250","918593112","918592885","Público",NA,NA,"Calle Ribadesella, S/n  Torrelodones",-3.92732,40.5717399,"calle ribadesella, 28250 torrelodones, madrid, spain"
"79","Madrid-Sur","28070691","CP INF-PRI-SEC","MAESTRO RODRIGO","Avenida Memorial De La Paz De Hiroshima, S/n ","Aranjuez","-","28300","918927841","918928169","Público",NA,NA,"Avenida Memorial De La Paz De Hiroshima, S/n  Aranjuez",-3.5975431,40.0657661,"av. memorial de la paz de hiroshima, 28300, madrid, spain"
"80","Madrid-Oeste","28057088","CP INF-PRI-SEC","MARIA MOLINER","Avenida Rioja, 14 ","Villanueva de la Cañada","-","28691","918155505","918106692","Público",NA,NA,"Avenida Rioja, 14  Villanueva de la Cañada",-3.9984041,40.4379636,"av. de la rioja, 14, 28691 villanueva de la cañada, madrid, spain"
"81","Madrid-Norte","28002853","CP INF-PRI-SEC","MARTINA GARCIA","Avenida Julián Sánchez, 17 ","Fuente el Saz de Jarama","-","28140","916200825","916224053","Público",NA,NA,"Avenida Julián Sánchez, 17  Fuente el Saz de Jarama",-3.5155931,40.6296617,"av. julián sánchez, 17, 28140 fuente el saz de jarama, madrid, spain"
"82","Madrid-Oeste","28001848","CP INF-PRI-SEC","PRINCIPE DON FELIPE","Calle De José Antonio, 48 ","Boadilla del Monte","-","28660","916331626","916331954","Público",NA,NA,"Calle De José Antonio, 48  Boadilla del Monte",-3.8800677,40.4079207,"calle juan carlos i, 48, 28660 boadilla del monte, madrid, spain"
"83","Madrid-Oeste","28064160","CP INF-PRI-SEC","PRINCIPES DE ASTURIAS","Calle Atlántico Del Paular, 8 ","Pozuelo de Alarcón","-","28224","917140919","913515144","Público",NA,NA,"Calle Atlántico Del Paular, 8  Pozuelo de Alarcón",-3.8088429,40.4555644,"calle atlántico, 8, 28224 pozuelo de alarcón, madrid, spain"
"84","Madrid-Sur","28060270","CP INF-PRI-SEC","SALVADOR DALI","Calle De La Tia Javiera, S/n ","Fuenlabrada","-","28942","916046230","916047303","Público",NA,NA,"Calle De La Tia Javiera, S/n  Fuenlabrada",-3.8388461,40.3045166,"calle tía javiera, 28942 fuenlabrada, madrid, spain"
"85","Madrid-Sur","28038562","CPR INF-PRI-SEC","ALKOR","Avenida De Pablo Iglesias, S/n ","Alcorcón","-","28922","916437173","-","Privado Concertado",NA,NA,"Avenida De Pablo Iglesias, S/n  Alcorcón",-3.8405475,40.340986,"av. pablo iglesias, 28922 alcorcón, madrid, spain"
"86","Madrid-Sur","28038598","CPR INF-PRI-SEC","ALTAMIRA","Calle Gerona, 4 ","Fuenlabrada","-","28945","916155866","916972137","Privado Concertado",NA,NA,"Calle Gerona, 4  Fuenlabrada",-3.7910594,40.2951795,"calle de gerona, 4, 28945 fuenlabrada, madrid, spain"
"87","Madrid-Capital","28011258","CPR INF-PRI-SEC","AMOR MISERICORDIOSO","Paseo De San Francisco De Sales, 42 ","Madrid","Chamberí","28003","915332233","915332507","Privado Concertado",NA,NA,"Paseo De San Francisco De Sales, 42  Madrid",-3.7119193,40.4426298,"paseo de s. fco. de sales, 42, 28003 madrid, spain"
"88","Madrid-Capital","28011261","CPR INF-PRI-SEC","AMOROS","Calle De Gómez De Arteche, 28 ","Madrid","Carabanchel","28044","915111130","915083064","Privado Concertado",NA,NA,"Calle De Gómez De Arteche, 28  Madrid",-3.7558971,40.369196,"calle gómez de arteche, 28, 28044 madrid, spain"
"89","Madrid-Oeste","28044331","CPR INF-PRI-SEC","ARCADIA","Calle Cetrería, 2 ","Villanueva de la Cañada","-","28690","918162322","918162376","Privado Concertado",NA,NA,"Calle Cetrería, 2  Villanueva de la Cañada",-3.9728031,40.4221738,"calle cetrería, 2, 28691 villanueva de la cañada, madrid, spain"
"90","Madrid-Capital","28015094","CPR INF-PRI-SEC","CENTRO CULTURAL ELFO","Calle Del Elfo, 74 ","Madrid","Ciudad Lineal","28027","913673653","914081287","Privado Concertado",NA,NA,"Calle Del Elfo, 74  Madrid",-3.6488387,40.4341406,"calle de elfo, 74, 28027 madrid, spain"
"91","Madrid-Capital","28019142","CPR INF-PRI-SEC","CENTRO CULTURAL PALOMERAS","Calle De Luis Marín, S/n ","Madrid","Puente de Vallecas","28038","917863865","917863865","Privado Concertado",NA,NA,"Calle De Luis Marín, S/n  Madrid",-3.639292,40.392111,"calle luis marín, 28038 madrid, spain"
"92","Madrid-Capital","28020120","CPR INF-PRI-SEC","CHAMBERI","Calle De Rafael Calvo, 12 ","Madrid","Chamberí","28010","914456250","914440340","Privado Concertado",NA,NA,"Calle De Rafael Calvo, 12  Madrid",-3.6957256,40.4336686,"calle rafael calvo, 12, 28010 madrid, spain"
"93","Madrid-Capital","28015148","CPR INF-PRI-SEC","CLARET","Calle De Corazón De María, 1 ","Madrid","Chamartín","28002","914152154","914167092","Privado Concertado",NA,NA,"Calle De Corazón De María, 1  Madrid",-3.672113,40.4403979,"calle del corazón de maría, 1, 28002 madrid, spain"
"94","Madrid-Sur","28072168","CPR INF-PRI-SEC","COLEGIO AQUILA","Calle Planeta Júpiter, 2 ","Parla","-","28983","914240913","914241464","Privado Concertado",NA,NA,"Calle Planeta Júpiter, 2  Parla",-3.7599362,40.2190175,"calle del planeta júpiter, 2, 28983 parla, madrid, spain"
"95","Madrid-Capital","28072132","CPR INF-PRI-SEC","COLEGIO CEU SAN PABLO EN SANCHINARRO","Avenida Del Alcalde Conde De Mayalde, 45 ","Madrid","Hortaleza","28050","913923440","-","Privado Concertado",NA,NA,"Avenida Del Alcalde Conde De Mayalde, 45  Madrid",-3.6509258,40.4936236,"av. del ing. emilio herrera, 45, 28050 madrid, spain"
"96","Madrid-Capital","28069285","CPR INF-PRI-SEC","COLEGIO GAUDEM","Calle De La Playa De Barlovento, 14 ","Madrid","Barajas","28042","913886477","913010182","Privado Concertado",NA,NA,"Calle De La Playa De Barlovento, 14  Madrid",-3.5938752,40.4733027,"calle playa de barlovento, 14, 28042 madrid, spain"
"97","Madrid-Este","28067422","CPR INF-PRI-SEC","COLEGIO MIRAMADRID","Avenida De Juan Pablo Ii, S/n ","Paracuellos de Jarama","-","28860","912688787","912688588","Privado Concertado",NA,NA,"Avenida De Juan Pablo Ii, S/n  Paracuellos de Jarama",-3.5117366,40.5031693,"av. juan pablo ii, 28860 paracuellos de jarama, madrid, spain"
"98","Madrid-Sur","28070159","CPR INF-PRI-SEC","COLEGIO NOBELIS","Calle María Zambrano, S/n ","Valdemoro","-","28341","918658125","918658108","Privado Concertado",NA,NA,"Calle María Zambrano, S/n  Valdemoro",-3.697726,40.1925791,"calle maría zambrano, 28342 valdemoro, madrid, spain"
"99","Madrid-Sur","28074074","CPR INF-PRI-SEC","COLEGIO PASTEUR ARROYOMOLINOS","Calle De Benicarló C/v A C/ Valencia, S/n ","Arroyomolinos","-","28939","911336734","911336735","Privado Concertado",NA,NA,"Calle De Benicarló C/v A C/ Valencia, S/n  Arroyomolinos",-3.9099472,40.2675622,"calle de valencia, s/n, 28939 arroyomolinos, madrid, spain"
"100","Madrid-Oeste","28065772","CPR INF-PRI-SEC","COLEGIO QUERCUS","Avenida De La Condesa De Chinchón, 21 ","Boadilla del Monte","-","28660","916338516","916339278","Privado Concertado",NA,NA,"Avenida De La Condesa De Chinchón, 21  Boadilla del Monte",-3.903116,40.404639,"av condesa de chinchón, 21, 28660 boadilla del monte, madrid, spain"
"101","Madrid-Oeste","28067631","CPR INF-PRI-SEC","COLEGIO SAN JAIME","Calle Ruperto Chapí ","Majadahonda","-","28222","916799246","916799298","Privado Concertado",NA,NA,"Calle Ruperto Chapí  Majadahonda",-3.869624,40.4478256,"calle ruperto chapí, 28222 majadahonda, madrid, spain"
"102","Madrid-Capital","28015033","CPR INF-PRI-SEC","COLEGIO SAN PEDRO APOSTOL","Calle De Babilonia, 19 ","Madrid","Barajas","28042","913055605","913056074","Privado Concertado",NA,NA,"Calle De Babilonia, 19  Madrid",-3.5882347,40.4675299,"calle babilonia, 19, 28042 madrid, spain"
"103","Madrid-Oeste","28064196","CPR INF-PRI-SEC","COLEGIO VALLMONT","Calle Mallorca, 2 ","Villanueva del Pardillo","-","28229","918102900","911413554","Privado Concertado",NA,NA,"Calle Mallorca, 2  Villanueva del Pardillo",-3.967198,40.4865429,"calle de mallorca, 2, 28229 villanueva del pardillo, madrid, spain"
"104","Madrid-Este","28073070","CPR INF-PRI-SEC","COLEGIO VEGASUR","Calle De Fernando El Católico, 8 ","San Martín de la Vega","-","28330","918087976","918087475","Privado Concertado",NA,NA,"Calle De Fernando El Católico, 8  San Martín de la Vega",-3.5830004,40.2119159,"calle fernando el católico, 8, 28330 san martín de la vega, madrid, spain"
"105","Madrid-Capital","28069273","CPR INF-PRI-SEC","COLEGIO VILLAMADRID","Calle Transversal Sexta, 17 ","Madrid","Villaverde","28021","917979272","917964834","Privado Concertado",NA,NA,"Calle Transversal Sexta, 17  Madrid",-3.6986587,40.3330105,"calle transversal sexta, 17, 28021 madrid, spain"
"106","Madrid-Capital","28014958","CPR INF-PRI-SEC","COLEGIO VIRGEN DE MIRASIERRA","Calle De La Maso, 103 ","Madrid","Fuencarral-El Pardo","28034","917387300","917399195","Privado Concertado",NA,NA,"Calle De La Maso, 103  Madrid",-3.7139613,40.4842565,"calle de la masó, 103, 28034 madrid, spain"
"107","Madrid-Capital","28035275","CPR INF-PRI-SEC","COMUNIDAD INFANTIL DE VILLAVERDE","Calle De Villastar, 10 ","Madrid","Villaverde","28021","917950884","917100331","Privado Concertado",NA,NA,"Calle De Villastar, 10  Madrid",-3.7115421,40.3432908,"calle villastar, 10, 28021 madrid, spain"
"108","Madrid-Oeste","28024198","CPR INF-PRI-SEC","CRISTO REY","Carretera De Las Rozas-majadahonda, 4 ","Rozas de Madrid, Las","-","28231","916392747","916342691","Privado Concertado",NA,NA,"Carretera De Las Rozas-majadahonda, 4  Rozas de Madrid, Las",-3.86853,40.4842795,"carr. de las rozas a majadahonda, 4, 28231 las rozas, madrid, spain"
"109","Madrid-Capital","28069261","CPR INF-PRI-SEC","EDITH STEIN","Calle Simca, 20 ","Madrid","Usera","28041","913412879","911739441","Privado Concertado",NA,NA,"Calle Simca, 20  Madrid",-3.7054528,40.3661453,"calle del simca, 20, 28041 madrid, spain"
"110","Madrid-Capital","28011490","CPR INF-PRI-SEC","EL CARMELO TERESIANO","Calle De Nuñomoral, 1 ","Madrid","Latina","28044","917052427","917106655","Privado Concertado",NA,NA,"Calle De Nuñomoral, 1  Madrid",-3.7793066,40.376934,"calle de nuñomoral, 1, 28044 madrid, spain"
"111","Madrid-Sur","28003742","CPR INF-PRI-SEC","EL SALVADOR","Calle San Vicente, 17 ","Leganés","-","28912","916864015","916864015","Privado Concertado",NA,NA,"Calle San Vicente, 17  Leganés",-3.7598948,40.3300412,"calle de san vicente, 17, 28912 leganés, madrid, spain"
"112","Madrid-Oeste","28023947","CPR INF-PRI-SEC","ESCUELAS PIAS DE SAN FERNANDO","Avenida Bularas, 1 ","Pozuelo de Alarcón","-","28224","917150408","913529833","Privado Concertado",NA,NA,"Avenida Bularas, 1  Pozuelo de Alarcón",-3.8141574,40.4468139,"av. de bularas, 1, 28224 pozuelo de alarcón, madrid, spain"
"113","Madrid-Capital","28037405","CPR INF-PRI-SEC","FUENTELARREYNA","Calle De Ramón Gómez De La Serna, 24 ","Madrid","Fuencarral-El Pardo","28035","913732328","913862655","Privado Concertado",NA,NA,"Calle De Ramón Gómez De La Serna, 24  Madrid",-3.7297403,40.4839364,"calle de ramón gómez de la serna, 24, 28035 madrid, spain"
"114","Madrid-Capital","28014478","CPR INF-PRI-SEC","FUNDACION SANTAMARCA","Calle De Marcenado, 50 ","Madrid","Chamartín","28002","914158640","914159740","Privado Concertado",NA,NA,"Calle De Marcenado, 50  Madrid",-3.6742049,40.4503298,"calle de marcenado, 50, 28002 madrid, spain"
"115","Madrid-Capital","28045566","CPR INF-PRI-SEC","GSD  VALLECAS","Avenida Del Parque De Palomeras Bajas, 14 ","Madrid","Puente de Vallecas","28018","917853412","917853822","Privado Concertado",NA,NA,"Avenida Del Parque De Palomeras Bajas, 14  Madrid",-3.6630947,40.3800273,"av. del parque de palomeras bajas, 14, 28018 madrid, spain"
"116","Madrid-Oeste","28061286","CPR INF-PRI-SEC","GSD EL ESCORIAL","Calle Principal, 1 ","Escorial, El","-","28292","918533521","918534907","Privado Concertado",NA,NA,"Calle Principal, 1  Escorial, El",-4.0456278,40.5858729,"calle principal, 1, 28292 el escorial, madrid, spain"
"117","Madrid-Sur","28063192","CPR INF-PRI-SEC","HELICON","Calle De María Curie, 19-21 ","Valdemoro","-","28342","918752232","918753548","Privado Concertado",NA,NA,"Calle De María Curie, 19-21  Valdemoro",-3.6885996,40.1974633,"calle maria curie, 19, 28342 valdemoro, madrid, spain"
"118","Madrid-Capital","28022475","CPR INF-PRI-SEC","INSTITUCION PROFESIONAL SALESIANA","Ronda De Don Bosco, 3 ","Madrid","Carabanchel","28044","915087640","915086152","Privado Concertado",NA,NA,"Ronda De Don Bosco, 3  Madrid",-3.7531306,40.374184,"ronda don bosco, 3, 28044 madrid, spain"
"119","Madrid-Oeste","28023935","CPR INF-PRI-SEC","INSTITUTO VERITAS","Avenida Radio Y Televisión, 2 ","Pozuelo de Alarcón","-","28223","913520547","913520429","Privado Concertado",NA,NA,"Avenida Radio Y Televisión, 2  Pozuelo de Alarcón",-3.79133,40.41514,"av. de radio televisión, 2, 28223 pozuelo de alarcón, madrid, spain"
"120","Madrid-Sur","28003110","CPR INF-PRI-SEC","JESUS NAZARENO","Calle Del Hospital De San José, 28 ","Getafe","-","28901","916950321","916962414","Privado Concertado",NA,NA,"Calle Del Hospital De San José, 28  Getafe",-3.7283578,40.305603,"calle hospital de san josé, 28, 28901 getafe, madrid, spain"
"121","Madrid-Capital","28062217","CPR INF-PRI-SEC","LA PURISIMA","Calle De Ricardo Ortiz, 29 ","Madrid","Ciudad Lineal","28017","917262805","913614212","Privado Concertado",NA,NA,"Calle De Ricardo Ortiz, 29  Madrid",-3.6579275,40.4276334,"calle de ricardo ortiz, 29, 28017 madrid, spain"
"122","Madrid-Capital","28011623","CPR INF-PRI-SEC","LICEO CONSUL","Calle De Peironcely, 7 ","Madrid","Puente de Vallecas","28053","917858714","917858809","Privado Concertado",NA,NA,"Calle De Peironcely, 7  Madrid",-3.6701428,40.3819936,"calle peironcely, 7, 28053 madrid, spain"
"123","Madrid-Este","28000492","CPR INF-PRI-SEC","LOPE DE VEGA","Calle De Luis De Medina, 12 ","Alcalá de Henares","-","28805","918893879","918892021","Privado Concertado",NA,NA,"Calle De Luis De Medina, 12  Alcalá de Henares",-3.3569581,40.4902239,"calle luis de medina, 12, 28805 alcalá de henares, madrid, spain"
"124","Madrid-Sur","28041275","CPR INF-PRI-SEC","LOS NARANJOS","Avenida De Las Comarcas, 70 ","Fuenlabrada","-","28941","916159690","916159500","Privado Concertado",NA,NA,"Avenida De Las Comarcas, 70  Fuenlabrada",-3.804157,40.299127,"av. de las comarcas, 70, 28941 fuenlabrada, madrid, spain"
"125","Madrid-Sur","28070101","CPR INF-PRI-SEC","LOS NOGALES","Camino De Villamanta, S/n ","Álamo, El","-","28607","918104457","918122399","Privado Concertado",NA,NA,"Camino De Villamanta, S/n  Álamo, El",-3.999229,40.234792,"camino de villamanta s/n, 28607 el álamo, madrid, spain"
"126","Madrid-Capital","28020235","CPR INF-PRI-SEC","LOURDES","Calle De San Roberto, 8 ","Madrid","Latina","28011","915180358","915184820","Privado Concertado",NA,NA,"Calle De San Roberto, 8  Madrid",-3.75966,40.40291,"calle san roberto, 8, 28011 madrid, spain"
"127","Madrid-Sur","28001605","CPR INF-PRI-SEC","LOYOLA","Calle De Valeras, 24 ","Aranjuez","-","28300","918910505","918923768","Privado Concertado",NA,NA,"Calle De Valeras, 24  Aranjuez",-3.609371,40.0280084,"calle valeras, 24, 28300 aranjuez, madrid, spain"
"128","Madrid-Este","28064238","CPR INF-PRI-SEC","MALVAR","Calle De La Solidaridad, 4 ","Arganda del Rey","-","28500","918759463","918759462","Privado Concertado",NA,NA,"Calle De La Solidaridad, 4  Arganda del Rey",-3.4448527,40.306999,"calle de la solidaridad, 4, 28500 arganda del rey, madrid, spain"
"129","Madrid-Oeste","28022839","CPR INF-PRI-SEC","MARIA AUXILIADORA","Calle Virgen De Iciar, 4 ","Majadahonda","-","28221","913077712","-","Privado Concertado",NA,NA,"Calle Virgen De Iciar, 4  Majadahonda",-3.8386072,40.4745416,"calle virgen de icíar, 4, 28221 majadahonda, madrid, spain"
"130","Madrid-Capital","28007954","CPR INF-PRI-SEC","MARIA REINA","Avenida De Orcasur, 42 ","Madrid","Usera","28041","913170237","913177644","Privado Concertado",NA,NA,"Avenida De Orcasur, 42  Madrid",-3.7010012,40.3649453,"av. orcasur, 42, 28041 madrid, spain"
"131","Madrid-Norte","28060105","CPR INF-PRI-SEC","MARIA TERESA","Calle De María Teresa, 4 ","Alcobendas","-","28100","912414021","-","Privado Concertado",NA,NA,"Calle De María Teresa, 4  Alcobendas",-3.6521265,40.5473583,"calle de maría teresa, 4, 28100 alcobendas, madrid, spain"
"132","Madrid-Capital","28016712","CPR INF-PRI-SEC","MATER PURISSIMA","Calle De La Madre Cándida María De Jesús, 4 ","Madrid","Usera","28026","914758054","915001210","Privado Concertado",NA,NA,"Calle De La Madre Cándida María De Jesús, 4  Madrid",-3.7017114,40.384665,"calle madre cándida maría de jesús, 4, 28026 madrid, spain"
"133","Madrid-Capital","28013292","CPR INF-PRI-SEC","MONTSERRAT","Calle De Juan Esplandiu, 2 Bis ","Madrid","Retiro","28007","915737507","915740486","Privado Concertado",NA,NA,"Calle De Juan Esplandiu, 2 Bis  Madrid",-3.664541,40.415971,"calle juan esplandiú, 2, 28007 madrid, spain"
"134","Madrid-Capital","28022499","CPR INF-PRI-SEC","NTRA. SRA. DE FATIMA","Calle De Manuel Muñoz, 30 ","Madrid","Usera","28026","914757880","914761234","Privado Concertado",NA,NA,"Calle De Manuel Muñoz, 30  Madrid",-3.7013206,40.3850929,"calle manuel muñoz, 30, 28026 madrid, spain"
"135","Madrid-Sur","28067707","CPR INF-PRI-SEC","NTRA. SRA. DE LA CONCEPCION","Calle De La Rastrojera, S/n ","Navalcarnero","-","28600","918184464","918184465","Privado Concertado",NA,NA,"Calle De La Rastrojera, S/n  Navalcarnero",-4.0059468,40.3025045,"calle de la rastrojera, 28600 navalcarnero, madrid, spain"
"136","Madrid-Capital","28013280","CPR INF-PRI-SEC","NTRA. SRA. DE LA MERCED","Calle De José Luis De Arrese, 5 ","Madrid","Ciudad Lineal","28017","913556394","913611306","Privado Concertado",NA,NA,"Calle De José Luis De Arrese, 5  Madrid",-3.6550759,40.4222374,"calle del poeta blas de otero, 5, 28017 madrid, spain"
"137","Madrid-Norte","28062813","CPR INF-PRI-SEC","NTRA. SRA. DE LA MERCED","Calle Del Fuego, 9 ","Tres Cantos","-","28760","918062571","918062575","Privado Concertado",NA,NA,"Calle Del Fuego, 9  Tres Cantos",-3.72051,40.61266,"calle del fuego, 9, 28760 tres cantos, madrid, spain"
"138","Madrid-Capital","28013115","CPR INF-PRI-SEC","NTRA. SRA. DE LAS ESCUELAS PIAS","Calle De Eugenia De Montijo, 83 ","Madrid","Carabanchel","28044","914654400","914654511","Privado Concertado",NA,NA,"Calle De Eugenia De Montijo, 83  Madrid",-3.7502538,40.3758088,"calle de eugenia de montijo, 83, 28044 madrid, spain"
"139","Madrid-Capital","28008405","CPR INF-PRI-SEC","NTRA. SRA. DE LAS NIEVES","Calle De Alcalá, 589 ","Madrid","San Blas-Canillejas","28022","917410009","917410009","Privado Concertado",NA,NA,"Calle De Alcalá, 589  Madrid",-3.6137309,40.4458583,"calle de alcalá, 589, 28022 madrid, spain"
"140","Madrid-Capital","28012949","CPR INF-PRI-SEC","NTRA. SRA. DE LOS ANGELES","Calle De La Canción Del Olvido, 55 ","Madrid","Villaverde","28041","913176203","913699397","Privado Concertado",NA,NA,"Calle De La Canción Del Olvido, 55  Madrid",-3.6998083,40.3559422,"calle la canción del olvido, 55, 28041 madrid, spain"
"141","Madrid-Sur","28000901","CPR INF-PRI-SEC","NTRA. SRA. DE RIHONDO","Avenida De Pablo Iglesias, 2 ","Alcorcón","-","28922","916442053","-","Privado Concertado",NA,NA,"Avenida De Pablo Iglesias, 2  Alcorcón",-3.8363887,40.344459,"av. pablo iglesias, 2, 28922 alcorcón, madrid, spain"
"142","Madrid-Capital","28013036","CPR INF-PRI-SEC","NTRA. SRA. DEL CARMEN","Avenida Real De Pinto, 41 ","Madrid","Villaverde","28021","917970146","-","Privado Concertado",NA,NA,"Avenida Real De Pinto, 41  Madrid",-3.7066194,40.3450003,"av. real de pinto, 41, 28021 madrid, spain"
"143","Madrid-Capital","28013401","CPR INF-PRI-SEC","NTRA. SRA. DEL SAGRADO CORAZON","Calle De La Grandeza Española, 89 ","Madrid","Latina","28011","914639400","914797260","Privado Concertado",NA,NA,"Calle De La Grandeza Española, 89  Madrid",-3.7354722,40.4094146,"calle de la grandeza española, 89, 28011 madrid, spain"
"144","Madrid-Capital","28008387","CPR INF-PRI-SEC","OBRA SO.N.S.MONTSERRAT-S.SIMON Y S.JUDAS","Calle De Trévelez, 3 ","Madrid","Usera","28041","913175643","913172496","Privado Concertado",NA,NA,"Calle De Trévelez, 3  Madrid",-3.7034545,40.3650748,"calle trevélez, 3, 28041 madrid, spain"
"145","Madrid-Capital","28008791","CPR INF-PRI-SEC","PURISIMA CONCEPCION","Calle De La Puebla, 20 ","Madrid","Centro","28004","915219758","915232836","Privado Concertado",NA,NA,"Calle De La Puebla, 20  Madrid",-3.7035974,40.4223003,"calle de la puebla, 20, 28004 madrid, spain"
"146","Madrid-Capital","28013607","CPR INF-PRI-SEC","RAIMUNDO LULIO","Avenida De San Diego, 63 ","Madrid","Puente de Vallecas","28018","914781997","914789043","Privado Concertado",NA,NA,"Avenida De San Diego, 63  Madrid",-3.6678712,40.3866776,"av. de san diego, 63, 28053 madrid, spain"
"147","Madrid-Oeste","28024393","CPR INF-PRI-SEC","REAL COLEGIO ALFONSO XII","Avenida Juan De Borbón Y Battenberg, 2 ","San Lorenzo de El Escorial","-","28200","918905711","918903190","Privado Concertado",NA,NA,"Avenida Juan De Borbón Y Battenberg, 2  San Lorenzo de El Escorial",-4.146222,40.5903669,"av. juan de borbón y battenberg, 2, 28200 san lorenzo de el escorial, madrid, spain"
"148","Madrid-Capital","28013191","CPR INF-PRI-SEC","REAL COLEGIO NTRA. SRA. DE LORETO","Calle De O'donnell, 61 ","Madrid","Salamanca","28009","915733210","915737624","Privado Concertado",NA,NA,"Calle De O'donnell, 61  Madrid",-3.6695105,40.4213623,"calle de o'donnell, 61, 28009 madrid, spain"
"149","Madrid-Capital","28046509","CPR INF-PRI-SEC","SAGRADA FAMILIA","Calle De Oberón, 6 ","Madrid","Moratalaz","28030","913015281","913015287","Privado Concertado",NA,NA,"Calle De Oberón, 6  Madrid",-3.6352463,40.4065734,"calle oberon, 6, 28030 madrid, spain"
"150","Madrid-Oeste","28029573","CPR INF-PRI-SEC","SAGRADO CORAZON REPARADORAS","Avenida Guadarrama, 10 ","Majadahonda","-","28220","916387711","916344174","Privado Concertado",NA,NA,"Avenida Guadarrama, 10  Majadahonda",-3.8702708,40.4802187,"av. guadarrama, 10, 28220 majadahonda, madrid, spain"
"151","Madrid-Oeste","28025166","CPR INF-PRI-SEC","SAN IGNACIO DE LOYOLA","Paseo De Andrés Vergara, 5 ","Torrelodones","-","28250","918544989","918544988","Privado Concertado",NA,NA,"Paseo De Andrés Vergara, 5  Torrelodones",-3.9526561,40.577135,"paseo andrés vergara, 5, 28250 torrelodones, madrid, spain"
"152","Madrid-Capital","28009185","CPR INF-PRI-SEC","SAN JAIME APOSTOL","Calle De Juan José Martínez Seco, 54 ","Madrid","Villaverde","28021","917980889","917230249","Privado Concertado",NA,NA,"Calle De Juan José Martínez Seco, 54  Madrid",-3.6882497,40.3516371,"calle de juan josé martínez seco, 54, 28021 madrid, spain"
"153","Madrid-Sur","28003134","CPR INF-PRI-SEC","SAN JOSE","Calle Velasco, 2 ","Getafe","-","28901","916953969","916817171","Privado Concertado",NA,NA,"Calle Velasco, 2  Getafe",-3.7305129,40.3085357,"calle velasco, 2, 28901 getafe, madrid, spain"
"154","Madrid-Sur","28025336","CPR INF-PRI-SEC","SAN JOSE","Plaza Del Conde, 5 ","Valdemoro","-","28342","918950922","918954360","Privado Concertado",NA,NA,"Plaza Del Conde, 5  Valdemoro",-3.6782741,40.1921987,"plaza del conde, 5, 28342 valdemoro, madrid, spain"
"155","Madrid-Oeste","28023832","CPR INF-PRI-SEC","SAN JOSE DE CLUNY","Avenida Juan Xxiii, 7 ","Pozuelo de Alarcón","-","28224","913520648","913524025","Privado Concertado",NA,NA,"Avenida Juan Xxiii, 7  Pozuelo de Alarcón",-3.8053327,40.4480096,"av. juan xxiii, 7, 28224 pozuelo de alarcón, madrid, spain"
"156","Madrid-Capital","28009291","CPR INF-PRI-SEC","SAN JUAN BAUTISTA","Calle De Francos Rodríguez, 5 ","Madrid","Tetuán","28039","914500000","914501951","Privado Concertado",NA,NA,"Calle De Francos Rodríguez, 5  Madrid",-3.7040498,40.4551003,"calle de francos rodríguez, 5, 28039 madrid, spain"
"157","Madrid-Capital","28014417","CPR INF-PRI-SEC","SANTA FRANCISCA JAVIER CABRINI","Calle De Santa Francisca Javier Cabrini, 2 ","Madrid","Hortaleza","28043","913002513","913889463","Privado Concertado",NA,NA,"Calle De Santa Francisca Javier Cabrini, 2  Madrid",-3.6378023,40.4642827,"calle sta. francisca javier cabrini, 2, 28043 madrid, spain"
"158","Madrid-Capital","28014533","CPR INF-PRI-SEC","SANTA RITA","Calle De Eugenia De Montijo, 53 ","Madrid","Carabanchel","28025","914628683","914618210","Privado Concertado",NA,NA,"Calle De Eugenia De Montijo, 53  Madrid",-3.7441834,40.3809778,"calle de eugenia de montijo, 53, 28025 madrid, spain"
"159","Madrid-Sur","28023716","CPR INF-PRI-SEC","SANTO DOMINGO DE SILOS","Calle De Santa Teresa, 7 ","Pinto","-","28320","916912950","916920696","Privado Concertado",NA,NA,"Calle De Santa Teresa, 7  Pinto",-3.6958423,40.239371,"calle de sta. teresa, 7, 28320 pinto, madrid, spain"
"160","Madrid-Capital","28022335","CPR INF-PRI-SEC","TRABENCO","Calle De La Reguera De Tomateros, 103 ","Madrid","Puente de Vallecas","28053","917856368","915079149","Privado Concertado",NA,NA,"Calle De La Reguera De Tomateros, 103  Madrid",-3.6581303,40.3708615,"calle reguera de tomateros, 103, 28053 madrid, spain"
"161","Madrid-Sur","28023066","CPR INF-PRI-SEC","VILLA DE MOSTOLES","Calle Camino De Humanes, 40 ","Móstoles","-","28938","916453055","916457401","Privado Concertado",NA,NA,"Calle Camino De Humanes, 40  Móstoles",-3.8573061,40.313439,"calle camino de humanes, 40, 28938 móstoles, madrid, spain"
"162","Madrid-Sur","28057881","CPR INF-PRI-SEC","VILLA DE NAVALCARNERO","Calle De La Estrella, 37 ","Navalcarnero","-","28600","918111551","918114466","Privado Concertado",NA,NA,"Calle De La Estrella, 37  Navalcarnero",-4.0081367,40.2852912,"calle de la estrella, 37, 28600 navalcarnero, madrid, spain"
"163","Madrid-Oeste","28041101","CPR INF-PRI-SEC","ZOLA-ROZAS","Avenida Esparta, 6 ","Rozas de Madrid, Las","-","28232","916316253","916316158","Privado Concertado",NA,NA,"Avenida Esparta, 6  Rozas de Madrid, Las",-3.91351,40.51302,"av. de esparta, 6, 28232 las rozas, madrid, spain"
